trade_num,signal_index,direction,outcome,risk_amount,pnl,balance,peak_balance,drawdown_abs,drawdown_pct
1,9,long,tp2,10.0,20.0,1020.0,1020.0,0.0,0.0
2,27,long,sl,10.2,-10.2,1009.8,1020.0,10.2,1.0
3,55,short,sl,10.098,-10.098,999.702,1020.0,20.298,1.99
4,68,long,tp1_only,9.997,9.997,1009.699,1020.0,10.301,1.0099
5,81,short,tp1_only,10.097,10.097,1019.796,1020.0,0.204,0.02
6,92,short,sl,10.198,-10.198,1009.5981,1020.0,10.4019,1.0198
7,104,short,sl,10.096,-10.096,999.5021,1020.0,20.4979,2.0096
8,119,short,sl,9.995,-9.995,989.507,1020.0,30.493,2.9895
9,133,short,sl,9.8951,-9.8951,979.612,1020.0,40.388,3.9596
10,143,long,sl,9.7961,-9.7961,969.8159,1020.0,50.1841,4.92
11,152,short,sl,9.6982,-9.6982,960.1177,1020.0,59.8823,5.8708
12,165,long,tp2,9.6012,19.2024,979.3201,1020.0,40.6799,3.9882
13,176,short,sl,9.7932,-9.7932,969.5269,1020.0,50.4731,4.9483
14,196,short,tp1_only,9.6953,9.6953,979.2221,1020.0,40.7779,3.9978
15,217,short,sl,9.7922,-9.7922,969.4299,1020.0,50.5701,4.9579
16,230,long,sl,9.6943,-9.6943,959.7356,1020.0,60.2644,5.9083
17,240,long,sl,9.5974,-9.5974,950.1382,1020.0,69.8618,6.8492
18,251,long,sl,9.5014,-9.5014,940.6369,1020.0,79.3631,7.7807
19,266,long,sl,9.4064,-9.4064,931.2305,1020.0,88.7695,8.7029
20,276,short,tp2,9.3123,18.6246,949.8551,1020.0,70.1449,6.877
21,285,short,timeout,9.4986,0.0,949.8551,1020.0,70.1449,6.877
22,295,short,sl,9.4986,-9.4986,940.3566,1020.0,79.6434,7.8082
23,309,short,tp1_only,9.4036,9.4036,949.7601,1020.0,70.2399,6.8863
24,327,short,tp2,9.4976,18.9952,968.7553,1020.0,51.2447,5.024
25,340,long,tp1_only,9.6876,9.6876,978.4429,1020.0,41.5571,4.0742
26,356,long,sl,9.7844,-9.7844,968.6584,1020.0,51.3416,5.0335
27,367,long,tp2,9.6866,19.3732,988.0316,1020.0,31.9684,3.1342
28,377,long,sl,9.8803,-9.8803,978.1513,1020.0,41.8487,4.1028
29,387,short,sl,9.7815,-9.7815,968.3698,1020.0,51.6302,5.0618
30,396,long,timeout,9.6837,0.0,968.3698,1020.0,51.6302,5.0618
31,408,short,sl,9.6837,-9.6837,958.6861,1020.0,61.3139,6.0112
32,417,short,sl,9.5869,-9.5869,949.0992,1020.0,70.9008,6.9511
33,427,long,sl,9.491,-9.491,939.6082,1020.0,80.3918,7.8815
34,443,long,sl,9.3961,-9.3961,930.2122,1020.0,89.7878,8.8027
35,453,short,sl,9.3021,-9.3021,920.91,1020.0,99.09,9.7147
36,467,short,sl,9.2091,-9.2091,911.7009,1020.0,108.2991,10.6176
37,480,long,tp1_only,9.117,9.117,920.8179,1020.0,99.1821,9.7237
38,492,short,sl,9.2082,-9.2082,911.6098,1020.0,108.3902,10.6265
39,502,long,sl,9.1161,-9.1161,902.4937,1020.0,117.5063,11.5202
40,532,long,tp2,9.0249,18.0499,920.5435,1020.0,99.4565,9.7506
41,544,long,sl,9.2054,-9.2054,911.3381,1020.0,108.6619,10.6531
42,555,short,sl,9.1134,-9.1134,902.2247,1020.0,117.7753,11.5466
43,564,long,tp2,9.0222,18.0445,920.2692,1020.0,99.7308,9.7775
44,575,long,sl,9.2027,-9.2027,911.0665,1020.0,108.9335,10.6798
45,591,long,sl,9.1107,-9.1107,901.9559,1020.0,118.0441,11.573
46,600,short,sl,9.0196,-9.0196,892.9363,1020.0,127.0637,12.4572
47,614,short,timeout,8.9294,0.0,892.9363,1020.0,127.0637,12.4572
48,623,long,sl,8.9294,-8.9294,884.0069,1020.0,135.9931,13.3327
49,639,long,sl,8.8401,-8.8401,875.1669,1020.0,144.8331,14.1993
50,648,long,tp2,8.7517,17.5033,892.6702,1020.0,127.3298,12.4833
51,658,long,tp1_only,8.9267,8.9267,901.5969,1020.0,118.4031,11.6081
52,672,long,tp2,9.016,18.0319,919.6288,1020.0,100.3712,9.8403
53,681,short,tp2,9.1963,18.3926,938.0214,1020.0,81.9786,8.0371
54,697,long,sl,9.3802,-9.3802,928.6412,1020.0,91.3588,8.9567
55,713,long,tp2,9.2864,18.5728,947.214,1020.0,72.786,7.1359
56,722,long,tp1_only,9.4721,9.4721,956.6862,1020.0,63.3138,6.2072
57,747,short,tp1_only,9.5669,9.5669,966.253,1020.0,53.747,5.2693
58,762,long,sl,9.6625,-9.6625,956.5905,1020.0,63.4095,6.2166
59,776,long,sl,9.5659,-9.5659,947.0246,1020.0,72.9754,7.1545
60,785,long,sl,9.4702,-9.4702,937.5544,1020.0,82.4456,8.0829
61,796,short,sl,9.3755,-9.3755,928.1788,1020.0,91.8212,9.0021
62,806,short,sl,9.2818,-9.2818,918.897,1020.0,101.103,9.9121
63,816,long,sl,9.189,-9.189,909.708,1020.0,110.292,10.8129
64,837,short,sl,9.0971,-9.0971,900.611,1020.0,119.389,11.7048
65,849,long,sl,9.0061,-9.0061,891.6049,1020.0,128.3951,12.5878
66,858,short,timeout,8.916,0.0,891.6049,1020.0,128.3951,12.5878
67,871,long,sl,8.916,-8.916,882.6888,1020.0,137.3112,13.4619
68,884,long,sl,8.8269,-8.8269,873.8619,1020.0,146.1381,14.3273
69,896,long,sl,8.7386,-8.7386,865.1233,1020.0,154.8767,15.184
70,915,long,sl,8.6512,-8.6512,856.4721,1020.0,163.5279,16.0322
71,924,long,tp1_only,8.5647,8.5647,865.0368,1020.0,154.9632,15.1925
72,936,short,tp2,8.6504,17.3007,882.3375,1020.0,137.6625,13.4963
73,945,short,timeout,8.8234,0.0,882.3375,1020.0,137.6625,13.4963
74,954,short,tp1_only,8.8234,8.8234,891.1609,1020.0,128.8391,12.6313
75,967,long,tp1_only,8.9116,8.9116,900.0725,1020.0,119.9275,11.7576
76,980,short,sl,9.0007,-9.0007,891.0718,1020.0,128.9282,12.64
77,995,long,sl,8.9107,-8.9107,882.1611,1020.0,137.8389,13.5136
78,1007,short,sl,8.8216,-8.8216,873.3395,1020.0,146.6605,14.3785
79,1023,long,tp1_only,8.7334,8.7334,882.0729,1020.0,137.9271,13.5223
80,1039,short,tp2,8.8207,17.6415,899.7143,1020.0,120.2857,11.7927
81,1049,long,sl,8.9971,-8.9971,890.7172,1020.0,129.2828,12.6748
82,1065,short,tp2,8.9072,17.8143,908.5315,1020.0,111.4685,10.9283
83,1080,short,sl,9.0853,-9.0853,899.4462,1020.0,120.5538,11.819
84,1093,long,sl,8.9945,-8.9945,890.4517,1020.0,129.5483,12.7008
85,1102,short,timeout,8.9045,0.0,890.4517,1020.0,129.5483,12.7008
86,1117,long,tp2,8.9045,17.809,908.2608,1020.0,111.7392,10.9548
87,1134,short,sl,9.0826,-9.0826,899.1782,1020.0,120.8218,11.8453
88,1143,long,timeout,8.9918,0.0,899.1782,1020.0,120.8218,11.8453
89,1158,short,tp2,8.9918,17.9836,917.1617,1020.0,102.8383,10.0822
90,1172,long,sl,9.1716,-9.1716,907.9901,1020.0,112.0099,10.9814
91,1194,long,sl,9.0799,-9.0799,898.9102,1020.0,121.0898,11.8715
92,1205,long,sl,8.9891,-8.9891,889.9211,1020.0,130.0789,12.7528
93,1218,long,sl,8.8992,-8.8992,881.0219,1020.0,138.9781,13.6253
94,1228,short,sl,8.8102,-8.8102,872.2117,1020.0,147.7883,14.4891
95,1237,long,sl,8.7221,-8.7221,863.4896,1020.0,156.5104,15.3442
96,1249,long,tp1_only,8.6349,8.6349,872.1245,1020.0,147.8755,14.4976
97,1262,long,tp2,8.7212,17.4425,889.5669,1020.0,130.4331,12.7876
98,1276,long,timeout,8.8957,0.0,889.5669,1020.0,130.4331,12.7876
99,1290,long,sl,8.8957,-8.8957,880.6713,1020.0,139.3287,13.6597
100,1312,long,tp2,8.8067,17.6134,898.2847,1020.0,121.7153,11.9329
101,1322,short,sl,8.9828,-8.9828,889.3018,1020.0,130.6982,12.8135
102,1346,short,sl,8.893,-8.893,880.4088,1020.0,139.5912,13.6854
103,1356,short,tp2,8.8041,17.6082,898.017,1020.0,121.983,11.9591
104,1365,short,tp2,8.9802,17.9603,915.9773,1020.0,104.0227,10.1983
105,1378,short,tp2,9.1598,18.3195,934.2969,1020.0,85.7031,8.4023
106,1395,long,tp2,9.343,18.6859,952.9828,1020.0,67.0172,6.5703
107,1408,long,sl,9.5298,-9.5298,943.453,1020.0,76.547,7.5046
108,1421,long,tp2,9.4345,18.8691,962.3221,1020.0,57.6779,5.6547
109,1432,short,sl,9.6232,-9.6232,952.6988,1020.0,67.3012,6.5982
110,1441,long,sl,9.527,-9.527,943.1719,1020.0,76.8281,7.5322
111,1451,short,tp2,9.4317,18.8634,962.0353,1020.0,57.9647,5.6828
112,1462,long,sl,9.6204,-9.6204,952.4149,1020.0,67.5851,6.626
113,1476,long,sl,9.5241,-9.5241,942.8908,1020.0,77.1092,7.5597
114,1489,long,sl,9.4289,-9.4289,933.4619,1020.0,86.5381,8.4841
115,1503,short,sl,9.3346,-9.3346,924.1273,1020.0,95.8727,9.3993
116,1517,long,timeout,9.2413,0.0,924.1273,1020.0,95.8727,9.3993
117,1530,short,sl,9.2413,-9.2413,914.886,1020.0,105.114,10.3053
118,1540,short,tp2,9.1489,18.2977,933.1837,1020.0,86.8163,8.5114
119,1549,short,sl,9.3318,-9.3318,923.8519,1020.0,96.1481,9.4263
120,1563,long,tp2,9.2385,18.477,942.3289,1020.0,77.6711,7.6148
121,1573,long,tp1_only,9.4233,9.4233,951.7522,1020.0,68.2478,6.691
122,1584,short,sl,9.5175,-9.5175,942.2347,1020.0,77.7653,7.6241
123,1593,long,sl,9.4223,-9.4223,932.8123,1020.0,87.1877,8.5478
124,1603,short,timeout,9.3281,0.0,932.8123,1020.0,87.1877,8.5478
125,1616,long,tp2,9.3281,18.6562,951.4686,1020.0,68.5314,6.7188
126,1625,long,sl,9.5147,-9.5147,941.9539,1020.0,78.0461,7.6516
127,1643,long,sl,9.4195,-9.4195,932.5344,1020.0,87.4656,8.5751
128,1667,long,sl,9.3253,-9.3253,923.209,1020.0,96.791,9.4893
129,1676,short,timeout,9.2321,0.0,923.209,1020.0,96.791,9.4893
130,1688,long,tp2,9.2321,18.4642,941.6732,1020.0,78.3268,7.6791
131,1697,long,sl,9.4167,-9.4167,932.2565,1020.0,87.7435,8.6023
132,1707,short,tp1_only,9.3226,9.3226,941.579,1020.0,78.421,7.6883
133,1718,long,sl,9.4158,-9.4158,932.1632,1020.0,87.8368,8.6114
134,1734,long,tp2,9.3216,18.6433,950.8065,1020.0,69.1935,6.7837
135,1743,long,sl,9.5081,-9.5081,941.2984,1020.0,78.7016,7.7158
136,1753,short,sl,9.413,-9.413,931.8854,1020.0,88.1146,8.6387
137,1762,long,sl,9.3189,-9.3189,922.5666,1020.0,97.4334,9.5523
138,1771,short,sl,9.2257,-9.2257,913.3409,1020.0,106.6591,10.4568
139,1780,long,sl,9.1334,-9.1334,904.2075,1020.0,115.7925,11.3522
140,1789,long,tp1_only,9.0421,9.0421,913.2496,1020.0,106.7504,10.4657
141,1799,long,tp2,9.1325,18.265,931.5146,1020.0,88.4854,8.675
142,1808,long,sl,9.3151,-9.3151,922.1994,1020.0,97.8006,9.5883
143,1820,long,tp1_only,9.222,9.222,931.4214,1020.0,88.5786,8.6842
144,1829,long,sl,9.3142,-9.3142,922.1072,1020.0,97.8928,9.5973
145,1839,short,tp1_only,9.2211,9.2211,931.3283,1020.0,88.6717,8.6933
146,1850,short,sl,9.3133,-9.3133,922.015,1020.0,97.985,9.6064
147,1863,long,sl,9.2202,-9.2202,912.7949,1020.0,107.2051,10.5103
148,1876,short,sl,9.1279,-9.1279,903.6669,1020.0,116.3331,11.4052
149,1885,long,tp2,9.0367,18.0733,921.7402,1020.0,98.2598,9.6333
150,1904,short,sl,9.2174,-9.2174,912.5228,1020.0,107.4772,10.537
151,1921,short,sl,9.1252,-9.1252,903.3976,1020.0,116.6024,11.4316
152,1930,long,sl,9.034,-9.034,894.3636,1020.0,125.6364,12.3173
153,1942,short,sl,8.9436,-8.9436,885.42,1020.0,134.58,13.1941
154,1953,long,tp2,8.8542,17.7084,903.1284,1020.0,116.8716,11.458
155,1962,long,tp2,9.0313,18.0626,921.191,1020.0,98.809,9.6872
156,1971,long,tp2,9.2119,18.4238,939.6148,1020.0,80.3852,7.8809
157,1980,long,tp1_only,9.3961,9.3961,949.0109,1020.0,70.9891,6.9597
158,1989,short,tp1_only,9.4901,9.4901,958.501,1020.0,61.499,6.0293
159,2008,long,tp2,9.585,19.17,977.6711,1020.0,42.3289,4.1499
160,2018,long,timeout,9.7767,0.0,977.6711,1020.0,42.3289,4.1499
161,2029,short,timeout,9.7767,0.0,977.6711,1020.0,42.3289,4.1499
162,2038,short,sl,9.7767,-9.7767,967.8944,1020.0,52.1056,5.1084
163,2047,short,timeout,9.6789,0.0,967.8944,1020.0,52.1056,5.1084
164,2061,short,tp1_only,9.6789,9.6789,977.5733,1020.0,42.4267,4.1595
165,2075,short,sl,9.7757,-9.7757,967.7976,1020.0,52.2024,5.1179
166,2093,long,sl,9.678,-9.678,958.1196,1020.0,61.8804,6.0667
167,2104,long,sl,9.5812,-9.5812,948.5384,1020.0,71.4616,7.006
168,2117,short,tp2,9.4854,18.9708,967.5092,1020.0,52.4908,5.1462
169,2139,long,sl,9.6751,-9.6751,957.8341,1020.0,62.1659,6.0947
170,2152,long,sl,9.5783,-9.5783,948.2557,1020.0,71.7443,7.0338
171,2161,short,tp2,9.4826,18.9651,967.2208,1020.0,52.7792,5.1744
172,2170,long,tp1_only,9.6722,9.6722,976.8931,1020.0,43.1069,4.2262
173,2179,long,sl,9.7689,-9.7689,967.1241,1020.0,52.8759,5.1839
174,2197,short,tp2,9.6712,19.3425,986.4666,1020.0,33.5334,3.2876
175,2207,short,sl,9.8647,-9.8647,976.6019,1020.0,43.3981,4.2547
176,2224,short,sl,9.766,-9.766,966.8359,1020.0,53.1641,5.2122
177,2235,long,tp1_only,9.6684,9.6684,976.5043,1020.0,43.4957,4.2643
178,2245,short,sl,9.765,-9.765,966.7392,1020.0,53.2608,5.2216
179,2257,short,tp2,9.6674,19.3348,986.074,1020.0,33.926,3.3261
180,2268,short,sl,9.8607,-9.8607,976.2133,1020.0,43.7867,4.2928
181,2281,short,tp1_only,9.7621,9.7621,985.9754,1020.0,34.0246,3.3357
182,2298,long,tp2,9.8598,19.7195,1005.6949,1020.0,14.3051,1.4025
183,2309,long,tp2,10.0569,20.1139,1025.8088,1025.8088,0.0,0.0
184,2318,long,sl,10.2581,-10.2581,1015.5507,1025.8088,10.2581,1.0
185,2329,short,tp2,10.1555,20.311,1035.8618,1035.8618,0.0,0.0
186,2359,short,sl,10.3586,-10.3586,1025.5031,1035.8618,10.3586,1.0
187,2370,long,tp2,10.255,20.5101,1046.0132,1046.0132,0.0,0.0
188,2380,short,sl,10.4601,-10.4601,1035.5531,1046.0132,10.4601,1.0
189,2392,long,sl,10.3555,-10.3555,1025.1975,1046.0132,20.8157,1.99
190,2409,long,tp2,10.252,20.504,1045.7015,1046.0132,0.3117,0.0298
191,2418,long,sl,10.457,-10.457,1035.2445,1046.0132,10.7687,1.0295
192,2427,short,timeout,10.3524,0.0,1035.2445,1046.0132,10.7687,1.0295
193,2436,short,sl,10.3524,-10.3524,1024.892,1046.0132,21.1212,2.0192
194,2447,long,tp2,10.2489,20.4978,1045.3899,1046.0132,0.6233,0.0596
195,2460,long,sl,10.4539,-10.4539,1034.936,1046.0132,11.0772,1.059
196,2471,long,sl,10.3494,-10.3494,1024.5866,1046.0132,21.4266,2.0484
197,2480,short,sl,10.2459,-10.2459,1014.3407,1046.0132,31.6725,3.0279
198,2489,long,tp2,10.1434,20.2868,1034.6276,1046.0132,11.3856,1.0885
199,2500,long,tp2,10.3463,20.6926,1055.3201,1055.3201,0.0,0.0
200,2509,long,tp2,10.5532,21.1064,1076.4265,1076.4265,0.0,0.0
201,2518,long,tp2,10.7643,21.5285,1097.955,1097.955,0.0,0.0
202,2536,long,tp2,10.9796,21.9591,1119.9141,1119.9141,0.0,0.0
203,2546,long,sl,11.1991,-11.1991,1108.715,1119.9141,11.1991,1.0
204,2555,short,sl,11.0871,-11.0871,1097.6278,1119.9141,22.2863,1.99
205,2564,long,sl,10.9763,-10.9763,1086.6516,1119.9141,33.2626,2.9701
206,2573,short,tp1_only,10.8665,10.8665,1097.5181,1119.9141,22.3961,1.9998
207,2589,long,sl,10.9752,-10.9752,1086.5429,1119.9141,33.3712,2.9798
208,2598,short,sl,10.8654,-10.8654,1075.6775,1119.9141,44.2367,3.95
209,2615,short,sl,10.7568,-10.7568,1064.9207,1119.9141,54.9934,4.9105
210,2638,long,tp1_only,10.6492,10.6492,1075.5699,1119.9141,44.3442,3.9596
211,2653,short,sl,10.7557,-10.7557,1064.8142,1119.9141,55.0999,4.92
212,2665,short,tp1_only,10.6481,10.6481,1075.4623,1119.9141,44.4518,3.9692
213,2680,long,tp1_only,10.7546,10.7546,1086.217,1119.9141,33.6972,3.0089
214,2692,short,tp2,10.8622,21.7243,1107.9413,1119.9141,11.9728,1.0691
215,2708,short,sl,11.0794,-11.0794,1096.8619,1119.9141,23.0522,2.0584
216,2727,short,sl,10.9686,-10.9686,1085.8933,1119.9141,34.0209,3.0378
217,2745,long,sl,10.8589,-10.8589,1075.0343,1119.9141,44.8798,4.0074
218,2754,short,tp1_only,10.7503,10.7503,1085.7847,1119.9141,34.1294,3.0475
219,2764,short,tp2,10.8578,21.7157,1107.5004,1119.9141,12.4138,1.1085
220,2773,short,sl,11.075,-11.075,1096.4254,1119.9141,23.4888,2.0974
221,2783,long,sl,10.9643,-10.9643,1085.4611,1119.9141,34.453,3.0764
222,2803,short,tp2,10.8546,21.7092,1107.1704,1119.9141,12.7438,1.1379
223,2818,long,tp2,11.0717,22.1434,1129.3138,1129.3138,0.0,0.0
224,2828,long,sl,11.2931,-11.2931,1118.0206,1129.3138,11.2931,1.0
225,2846,long,tp2,11.1802,22.3604,1140.381,1140.381,0.0,0.0
226,2855,long,timeout,11.4038,0.0,1140.381,1140.381,0.0,0.0
227,2864,short,sl,11.4038,-11.4038,1128.9772,1140.381,11.4038,1.0
228,2880,long,sl,11.2898,-11.2898,1117.6874,1140.381,22.6936,1.99
229,2899,long,tp2,11.1769,22.3537,1140.0412,1140.381,0.3398,0.0298
230,2911,short,sl,11.4004,-11.4004,1128.6408,1140.381,11.7402,1.0295
231,2923,long,sl,11.2864,-11.2864,1117.3544,1140.381,23.0267,2.0192
232,2932,short,tp2,11.1735,22.3471,1139.7015,1140.381,0.6796,0.0596
233,2941,short,sl,11.397,-11.397,1128.3045,1140.381,12.0766,1.059
234,2950,long,sl,11.283,-11.283,1117.0214,1140.381,23.3596,2.0484
235,2960,short,sl,11.1702,-11.1702,1105.8512,1140.381,34.5298,3.0279
236,2970,long,tp1_only,11.0585,11.0585,1116.9097,1140.381,23.4713,2.0582
237,2979,long,sl,11.1691,-11.1691,1105.7406,1140.381,34.6404,3.0376
238,2993,long,tp2,11.0574,22.1148,1127.8554,1140.381,12.5256,1.0984
239,3007,long,sl,11.2786,-11.2786,1116.5769,1140.381,23.8042,2.0874
240,3016,short,timeout,11.1658,0.0,1116.5769,1140.381,23.8042,2.0874
241,3034,short,tp2,11.1658,22.3315,1138.9084,1140.381,1.4726,0.1291
242,3047,short,sl,11.3891,-11.3891,1127.5193,1140.381,12.8617,1.1278
243,3059,short,sl,11.2752,-11.2752,1116.2441,1140.381,24.1369,2.1166
244,3072,long,timeout,11.1624,0.0,1116.2441,1140.381,24.1369,2.1166
245,3087,short,tp2,11.1624,22.3249,1138.569,1140.381,1.812,0.1589
246,3101,long,sl,11.3857,-11.3857,1127.1833,1140.381,13.1977,1.1573
247,3117,long,sl,11.2718,-11.2718,1115.9115,1140.381,24.4695,2.1457
248,3140,short,sl,11.1591,-11.1591,1104.7524,1140.381,35.6287,3.1243
249,3153,long,tp2,11.0475,22.095,1126.8474,1140.381,13.5336,1.1868
250,3166,short,tp1_only,11.2685,11.2685,1138.1159,1140.381,2.2651,0.1986
251,3176,short,sl,11.3812,-11.3812,1126.7347,1140.381,13.6463,1.1966
252,3191,short,sl,11.2673,-11.2673,1115.4674,1140.381,24.9136,2.1847
253,3206,long,tp2,11.1547,22.3093,1137.7767,1140.381,2.6043,0.2284
254,3223,long,sl,11.3778,-11.3778,1126.399,1140.381,13.9821,1.2261
255,3240,short,tp2,11.264,22.528,1148.9269,1148.9269,0.0,0.0
256,3249,short,sl,11.4893,-11.4893,1137.4377,1148.9269,11.4893,1.0
257,3258,long,timeout,11.3744,0.0,1137.4377,1148.9269,11.4893,1.0
258,3268,long,sl,11.3744,-11.3744,1126.0633,1148.9269,22.8636,1.99
259,3285,long,sl,11.2606,-11.2606,1114.8027,1148.9269,34.1243,2.9701
260,3295,short,tp1_only,11.148,11.148,1125.9507,1148.9269,22.9763,1.9998
261,3305,long,sl,11.2595,-11.2595,1114.6912,1148.9269,34.2358,2.9798
262,3316,long,tp2,11.1469,22.2938,1136.985,1148.9269,11.9419,1.0394
263,3326,long,sl,11.3699,-11.3699,1125.6152,1148.9269,23.3118,2.029
264,3341,short,sl,11.2562,-11.2562,1114.359,1148.9269,34.5679,3.0087
265,3352,short,sl,11.1436,-11.1436,1103.2154,1148.9269,45.7115,3.9786
266,3362,long,timeout,11.0322,0.0,1103.2154,1148.9269,45.7115,3.9786
267,3378,short,sl,11.0322,-11.0322,1092.1833,1148.9269,56.7437,4.9388
268,3393,short,sl,10.9218,-10.9218,1081.2614,1148.9269,67.6655,5.8895
269,3409,short,sl,10.8126,-10.8126,1070.4488,1148.9269,78.4781,6.8306
270,3418,long,tp2,10.7045,21.409,1091.8578,1148.9269,57.0692,4.9672
271,3434,short,tp2,10.9186,21.8372,1113.6949,1148.9269,35.232,3.0665
272,3443,short,tp2,11.1369,22.2739,1135.9688,1148.9269,12.9581,1.1278
273,3453,short,sl,11.3597,-11.3597,1124.6092,1148.9269,24.3178,2.1166
274,3465,short,sl,11.2461,-11.2461,1113.3631,1148.9269,35.5639,3.0954
275,3476,long,sl,11.1336,-11.1336,1102.2294,1148.9269,46.6975,4.0644
276,3486,long,sl,11.0223,-11.0223,1091.2071,1148.9269,57.7198,5.0238
277,3495,short,sl,10.9121,-10.9121,1080.2951,1148.9269,68.6319,5.9736
278,3520,long,tp2,10.803,21.6059,1101.901,1148.9269,47.026,4.093
279,3534,long,sl,11.019,-11.019,1090.882,1148.9269,58.045,5.0521
280,3546,long,sl,10.9088,-10.9088,1079.9731,1148.9269,68.9538,6.0016
281,3556,short,sl,10.7997,-10.7997,1069.1734,1148.9269,79.7535,6.9416
282,3571,short,sl,10.6917,-10.6917,1058.4817,1148.9269,90.4453,7.8722
283,3580,long,tp1_only,10.5848,10.5848,1069.0665,1148.9269,79.8605,6.9509
284,3592,long,tp2,10.6907,21.3813,1090.4478,1148.9269,58.4791,5.0899
285,3603,long,sl,10.9045,-10.9045,1079.5433,1148.9269,69.3836,6.039
286,3617,long,sl,10.7954,-10.7954,1068.7479,1148.9269,80.179,6.9786
287,3630,long,sl,10.6875,-10.6875,1058.0604,1148.9269,90.8665,7.9088
288,3644,long,tp2,10.5806,21.1612,1079.2216,1148.9269,69.7053,6.067
289,3660,short,tp1_only,10.7922,10.7922,1090.0139,1148.9269,58.9131,5.1277
290,3671,short,sl,10.9001,-10.9001,1079.1137,1148.9269,69.8132,6.0764
291,3691,long,tp2,10.7911,21.5823,1100.696,1148.9269,48.231,4.1979
292,3700,long,sl,11.007,-11.007,1089.689,1148.9269,59.2379,5.1559
293,3709,short,sl,10.8969,-10.8969,1078.7921,1148.9269,70.1348,6.1044
294,3726,short,sl,10.7879,-10.7879,1068.0042,1148.9269,80.9227,7.0433
295,3735,long,sl,10.68,-10.68,1057.3242,1148.9269,91.6028,7.9729
296,3744,short,tp2,10.5732,21.1465,1078.4707,1148.9269,70.4563,6.1324
297,3758,long,sl,10.7847,-10.7847,1067.686,1148.9269,81.241,7.071
298,3772,short,sl,10.6769,-10.6769,1057.0091,1148.9269,91.9178,8.0003
299,3782,long,sl,10.5701,-10.5701,1046.439,1148.9269,102.4879,8.9203
300,3791,short,tp1_only,10.4644,10.4644,1056.9034,1148.9269,92.0235,8.0095
301,3806,long,tp2,10.569,21.1381,1078.0415,1148.9269,70.8855,6.1697
302,3815,long,tp1_only,10.7804,10.7804,1088.8219,1148.9269,60.1051,5.2314
303,3827,long,sl,10.8882,-10.8882,1077.9337,1148.9269,70.9933,6.1791
304,3837,long,tp2,10.7793,21.5587,1099.4923,1148.9269,49.4346,4.3027
305,3846,long,sl,10.9949,-10.9949,1088.4974,1148.9269,60.4295,5.2596
306,3855,short,tp2,10.885,21.7699,1110.2674,1148.9269,38.6596,3.3648
307,3866,short,timeout,11.1027,0.0,1110.2674,1148.9269,38.6596,3.3648
308,3877,short,tp1_only,11.1027,11.1027,1121.37,1148.9269,27.5569,2.3985
309,3895,short,sl,11.2137,-11.2137,1110.1563,1148.9269,38.7706,3.3745
310,3904,long,tp1_only,11.1016,11.1016,1121.2579,1148.9269,27.669,2.4083
311,3919,short,sl,11.2126,-11.2126,1110.0453,1148.9269,38.8816,3.3842
312,3928,short,sl,11.1005,-11.1005,1098.9449,1148.9269,49.9821,4.3503
313,3939,long,tp2,10.9894,21.9789,1120.9238,1148.9269,28.0032,2.4373
314,3952,short,tp2,11.2092,22.4185,1143.3422,1148.9269,5.5847,0.4861
315,3961,short,sl,11.4334,-11.4334,1131.9088,1148.9269,17.0181,1.4812
316,3976,long,sl,11.3191,-11.3191,1120.5897,1148.9269,28.3372,2.4664
317,4000,short,sl,11.2059,-11.2059,1109.3838,1148.9269,39.5431,3.4417
318,4012,long,sl,11.0938,-11.0938,1098.29,1148.9269,50.637,4.4073
319,4021,short,timeout,10.9829,0.0,1098.29,1148.9269,50.637,4.4073
320,4038,short,tp2,10.9829,21.9658,1120.2558,1148.9269,28.6712,2.4955
321,4052,short,tp1_only,11.2026,11.2026,1131.4583,1148.9269,17.4686,1.5204
322,4065,long,tp2,11.3146,22.6292,1154.0875,1154.0875,0.0,0.0
323,4074,long,tp2,11.5409,23.0818,1177.1693,1177.1693,0.0,0.0
324,4083,long,timeout,11.7717,0.0,1177.1693,1177.1693,0.0,0.0
325,4092,short,sl,11.7717,-11.7717,1165.3976,1177.1693,11.7717,1.0
326,4114,long,sl,11.654,-11.654,1153.7436,1177.1693,23.4257,1.99
327,4123,short,timeout,11.5374,0.0,1153.7436,1177.1693,23.4257,1.99
328,4142,short,tp2,11.5374,23.0749,1176.8185,1177.1693,0.3508,0.0298
329,4152,long,tp1_only,11.7682,11.7682,1188.5867,1188.5867,0.0,0.0
330,4162,long,sl,11.8859,-11.8859,1176.7008,1188.5867,11.8859,1.0
331,4176,long,tp1_only,11.767,11.767,1188.4678,1188.5867,0.1189,0.01
332,4199,short,tp2,11.8847,23.7694,1212.2372,1212.2372,0.0,0.0
333,4208,short,sl,12.1224,-12.1224,1200.1148,1212.2372,12.1224,1.0
334,4218,short,tp2,12.0011,24.0023,1224.1171,1224.1171,0.0,0.0
335,4233,short,tp2,12.2412,24.4823,1248.5994,1248.5994,0.0,0.0
336,4249,long,tp2,12.486,24.972,1273.5714,1273.5714,0.0,0.0
337,4265,short,tp2,12.7357,25.4714,1299.0428,1299.0428,0.0,0.0
338,4277,short,sl,12.9904,-12.9904,1286.0524,1299.0428,12.9904,1.0
339,4292,short,tp2,12.8605,25.721,1311.7735,1311.7735,0.0,0.0
340,4301,short,tp2,13.1177,26.2355,1338.0089,1338.0089,0.0,0.0
341,4317,short,sl,13.3801,-13.3801,1324.6288,1338.0089,13.3801,1.0
342,4329,short,sl,13.2463,-13.2463,1311.3825,1338.0089,26.6264,1.99
343,4348,long,sl,13.1138,-13.1138,1298.2687,1338.0089,39.7402,2.9701
344,4358,short,sl,12.9827,-12.9827,1285.286,1338.0089,52.7229,3.9404
345,4368,short,tp1_only,12.8529,12.8529,1298.1389,1338.0089,39.87,2.9798
346,4392,short,sl,12.9814,-12.9814,1285.1575,1338.0089,52.8514,3.95
347,4404,long,sl,12.8516,-12.8516,1272.3059,1338.0089,65.703,4.9105
348,4414,short,sl,12.7231,-12.7231,1259.5829,1338.0089,78.4261,5.8614
349,4423,short,tp1_only,12.5958,12.5958,1272.1787,1338.0089,65.8302,4.92
350,4433,short,tp2,12.7218,25.4436,1297.6223,1338.0089,40.3867,3.0184
351,4444,short,timeout,12.9762,0.0,1297.6223,1338.0089,40.3867,3.0184
352,4453,short,sl,12.9762,-12.9762,1284.646,1338.0089,53.3629,3.9882
353,4462,long,tp2,12.8465,25.6929,1310.339,1338.0089,27.67,2.068
354,4472,long,sl,13.1034,-13.1034,1297.2356,1338.0089,40.7733,3.0473
355,4481,short,timeout,12.9724,0.0,1297.2356,1338.0089,40.7733,3.0473
356,4494,short,sl,12.9724,-12.9724,1284.2632,1338.0089,53.7457,4.0168
357,4506,long,sl,12.8426,-12.8426,1271.4206,1338.0089,66.5883,4.9767
358,4521,long,timeout,12.7142,0.0,1271.4206,1338.0089,66.5883,4.9767
359,4532,short,tp2,12.7142,25.4284,1296.849,1338.0089,41.1599,3.0762
360,4541,short,timeout,12.9685,0.0,1296.849,1338.0089,41.1599,3.0762
361,4558,short,tp2,12.9685,25.937,1322.786,1338.0089,15.2229,1.1377
362,4572,short,sl,13.2279,-13.2279,1309.5581,1338.0089,28.4508,2.1264
363,4588,short,sl,13.0956,-13.0956,1296.4625,1338.0089,41.5464,3.1051
364,4597,long,sl,12.9646,-12.9646,1283.4979,1338.0089,54.511,4.074
365,4613,long,sl,12.835,-12.835,1270.6629,1338.0089,67.346,5.0333
366,4635,long,tp2,12.7066,25.4133,1296.0762,1338.0089,41.9327,3.134
367,4644,long,tp2,12.9608,25.9215,1321.9977,1338.0089,16.0112,1.1966
368,4655,long,sl,13.22,-13.22,1308.7777,1338.0089,29.2312,2.1847
369,4665,long,tp1_only,13.0878,13.0878,1321.8655,1338.0089,16.1434,1.2065
370,4675,long,sl,13.2187,-13.2187,1308.6469,1338.0089,29.3621,2.1945
371,4691,long,sl,13.0865,-13.0865,1295.5604,1338.0089,42.4485,3.1725
372,4707,long,tp2,12.9556,25.9112,1321.4716,1338.0089,16.5373,1.236
373,4717,long,sl,13.2147,-13.2147,1308.2569,1338.0089,29.752,2.2236
374,4738,short,sl,13.0826,-13.0826,1295.1743,1338.0089,42.8346,3.2014
375,4747,long,timeout,12.9517,0.0,1295.1743,1338.0089,42.8346,3.2014
376,4756,long,tp2,12.9517,25.9035,1321.0778,1338.0089,16.9311,1.2654
377,4771,short,tp1_only,13.2108,13.2108,1334.2886,1338.0089,3.7203,0.2781
378,4780,short,sl,13.3429,-13.3429,1320.9457,1338.0089,17.0632,1.2753
379,4791,short,tp2,13.2095,26.4189,1347.3646,1347.3646,0.0,0.0
380,4810,short,tp2,13.4736,26.9473,1374.3119,1374.3119,0.0,0.0
381,4821,short,sl,13.7431,-13.7431,1360.5688,1374.3119,13.7431,1.0
382,4831,long,sl,13.6057,-13.6057,1346.9631,1374.3119,27.3488,1.99
383,4846,long,tp1_only,13.4696,13.4696,1360.4327,1374.3119,13.8792,1.0099
384,4861,short,tp2,13.6043,27.2087,1387.6414,1387.6414,0.0,0.0
385,4879,long,tp2,13.8764,27.7528,1415.3942,1415.3942,0.0,0.0
386,4888,long,timeout,14.1539,0.0,1415.3942,1415.3942,0.0,0.0
387,4901,short,timeout,14.1539,0.0,1415.3942,1415.3942,0.0,0.0
388,4917,long,sl,14.1539,-14.1539,1401.2403,1415.3942,14.1539,1.0
389,4928,short,tp2,14.0124,28.0248,1429.2651,1429.2651,0.0,0.0
390,4947,long,sl,14.2927,-14.2927,1414.9724,1429.2651,14.2927,1.0
391,4960,long,tp1_only,14.1497,14.1497,1429.1221,1429.2651,0.1429,0.01
392,4989,long,tp1_only,14.2912,14.2912,1443.4134,1443.4134,0.0,0.0
393,4999,long,timeout,14.4341,0.0,1443.4134,1443.4134,0.0,0.0
